#,Name,Type 1,Type 2,HP,Attack,Defense,Sp. Atk,Sp. Def,Speed,Generation,Legendary,# won,# lost,total matches,win %
1,Bulbasaur,Grass,Poison,45,49,49,65,65,45,1,FALSE,37,96,133,27.82%
2,Ivysaur,Grass,Poison,60,62,63,80,80,60,1,FALSE,46,75,121,38.02%
3,Venusaur,Grass,Poison,80,82,83,100,100,80,1,FALSE,89,43,132,67.42%
4,Mega Venusaur,Grass,Poison,80,100,123,122,120,80,1,FALSE,70,55,125,56.00%
5,Charmander,Fire,,39,52,43,60,50,65,1,FALSE,55,57,112,49.11%
6,Charmeleon,Fire,,58,64,58,80,65,80,1,FALSE,64,54,118,54.24%
7,Charizard,Fire,Flying,78,84,78,109,85,100,1,FALSE,115,18,133,86.47%
8,Mega Charizard X,Fire,Dragon,78,130,111,130,85,100,1,FALSE,119,20,139,85.61%
9,Mega Charizard Y,Fire,Flying,78,104,78,159,115,100,1,FALSE,114,21,135,84.44%
10,Squirtle,Water,,44,48,65,50,64,43,1,FALSE,19,98,117,16.24%
11,Wartortle,Water,,59,63,80,65,80,58,1,FALSE,59,82,141,41.84%
12,Blastoise,Water,,79,83,100,85,105,78,1,FALSE,0,0,0,0.00%
13,Mega Blastoise,Water,,79,103,120,135,115,78,1,FALSE,83,61,144,57.64%
14,Caterpie,Bug,,45,30,35,20,20,45,1,FALSE,17,98,115,14.78%
15,Metapod,Bug,,50,20,55,25,25,30,1,FALSE,13,120,133,9.77%
16,Butterfree,Bug,Flying,60,45,50,90,80,70,1,FALSE,75,45,120,62.50%
17,Weedle,Bug,Poison,40,35,30,20,20,50,1,FALSE,26,85,111,23.42%
18,Kakuna,Bug,Poison,45,25,50,25,25,35,1,FALSE,17,113,130,13.08%
19,Beedrill,Bug,Poison,65,90,40,45,80,75,1,FALSE,80,48,128,62.50%
20,Mega Beedrill,Bug,Poison,65,150,40,15,80,145,1,FALSE,115,4,119,96.64%
21,Pidgey,Normal,Flying,40,45,40,35,35,56,1,FALSE,47,79,126,37.30%
22,Pidgeotto,Normal,Flying,63,60,55,50,50,71,1,FALSE,64,57,121,52.89%
23,Pidgeot,Normal,Flying,83,80,75,70,70,101,1,FALSE,112,18,130,86.15%
24,Mega Pidgeot,Normal,Flying,83,80,80,135,80,121,1,FALSE,119,7,126,94.44%
25,Rattata,Normal,,30,56,35,25,35,72,1,FALSE,65,70,135,48.15%
26,Raticate,Normal,,55,81,60,50,70,97,1,FALSE,101,39,140,72.14%
27,Spearow,Normal,Flying,40,60,30,31,31,70,1,FALSE,62,76,138,44.93%
28,Fearow,Normal,Flying,65,90,65,61,61,100,1,FALSE,103,20,123,83.74%
29,Ekans,Poison,,35,60,44,40,54,55,1,FALSE,48,83,131,36.64%
30,Arbok,Poison,,60,85,69,65,79,80,1,FALSE,72,53,125,57.60%
31,Pikachu,Electric,,35,55,40,50,50,90,1,FALSE,93,43,136,68.38%
32,Raichu,Electric,,60,90,55,90,80,110,1,FALSE,105,16,121,86.78%
33,Sandshrew,Ground,,50,75,85,20,30,40,1,FALSE,0,0,0,0.00%
34,Sandslash,Ground,,75,100,110,45,55,65,1,FALSE,56,49,105,53.33%
35,Nidoran♀,Poison,,55,47,52,40,40,41,1,FALSE,20,99,119,16.81%
36,Nidorina,Poison,,70,62,67,55,55,56,1,FALSE,57,91,148,38.51%
37,Nidoqueen,Poison,Ground,90,92,87,75,85,76,1,FALSE,66,56,122,54.10%
38,Nidoran♂,Poison,,46,57,40,40,40,50,1,FALSE,34,102,136,25.00%
39,Nidorino,Poison,,61,72,57,55,55,65,1,FALSE,51,77,128,39.84%
40,Nidoking,Poison,Ground,81,102,77,85,75,85,1,FALSE,79,61,140,56.43%
41,Clefairy,Fairy,,70,45,48,60,65,35,1,FALSE,20,107,127,15.75%
42,Clefable,Fairy,,95,70,73,95,90,60,1,FALSE,49,74,123,39.84%
43,Vulpix,Fire,,38,41,40,50,65,65,1,FALSE,53,76,129,41.09%
44,Ninetales,Fire,,73,76,75,81,100,100,1,FALSE,103,24,127,81.10%
45,Jigglypuff,Normal,Fairy,115,45,20,45,25,20,1,FALSE,15,115,130,11.54%
46,Wigglytuff,Normal,Fairy,140,70,45,85,50,45,1,FALSE,0,0,0,0.00%
47,Zubat,Poison,Flying,40,45,35,30,40,55,1,FALSE,55,90,145,37.93%
48,Golbat,Poison,Flying,75,80,70,65,75,90,1,FALSE,97,31,128,75.78%
49,Oddish,Grass,Poison,45,50,55,75,65,30,1,FALSE,9,134,143,6.29%
50,Gloom,Grass,Poison,60,65,70,85,75,40,1,FALSE,28,101,129,21.71%
51,Vileplume,Grass,Poison,75,80,85,110,90,50,1,FALSE,44,80,124,35.48%
52,Paras,Bug,Grass,35,70,55,45,55,25,1,FALSE,13,125,138,9.42%
53,Parasect,Bug,Grass,60,95,80,60,80,30,1,FALSE,30,124,154,19.48%
54,Venonat,Bug,Poison,60,55,50,40,55,45,1,FALSE,32,111,143,22.38%
55,Venomoth,Bug,Poison,70,65,60,90,75,90,1,FALSE,92,48,140,65.71%
56,Diglett,Ground,,10,55,25,35,45,95,1,FALSE,68,58,126,53.97%
57,Dugtrio,Ground,,35,80,50,50,70,120,1,FALSE,108,20,128,84.38%
58,Meowth,Normal,,40,45,35,40,40,90,1,FALSE,91,49,140,65.00%
59,Persian,Normal,,65,70,60,65,65,115,1,FALSE,103,17,120,85.83%
60,Psyduck,Water,,50,52,48,65,50,55,1,FALSE,47,95,142,33.10%
61,Golduck,Water,,80,82,78,95,80,85,1,FALSE,79,36,115,68.70%
62,Mankey,Fighting,,40,80,35,35,45,70,1,FALSE,55,63,118,46.61%
63,,Fighting,,65,105,60,60,70,95,1,FALSE,85,23,108,78.70%
64,Growlithe,Fire,,55,70,45,70,50,60,1,FALSE,54,66,120,45.00%
65,Arcanine,Fire,,90,110,80,100,80,95,1,FALSE,91,23,114,79.82%
66,Poliwag,Water,,40,50,40,40,40,90,1,FALSE,0,0,0,0.00%
67,Poliwhirl,Water,,65,65,65,50,50,90,1,FALSE,90,35,125,72.00%
68,Poliwrath,Water,Fighting,90,95,95,70,90,70,1,FALSE,68,62,130,52.31%
69,Abra,Psychic,,25,20,15,105,55,90,1,FALSE,35,73,108,32.41%
70,Kadabra,Psychic,,40,35,30,120,70,105,1,FALSE,87,43,130,66.92%
71,Alakazam,Psychic,,55,50,45,135,95,120,1,FALSE,108,32,140,77.14%
72,Mega Alakazam,Psychic,,55,50,65,175,95,150,1,FALSE,86,24,110,78.18%
73,Machop,Fighting,,70,80,50,35,35,35,1,FALSE,21,129,150,14.00%
74,Machoke,Fighting,,80,100,70,50,60,45,1,FALSE,32,92,124,25.81%
75,Machamp,Fighting,,90,130,80,65,85,55,1,FALSE,51,65,116,43.97%
76,Bellsprout,Grass,Poison,50,75,35,70,30,40,1,FALSE,23,85,108,21.30%
77,Weepinbell,Grass,Poison,65,90,50,85,45,55,1,FALSE,45,76,121,37.19%
78,Victreebel,Grass,Poison,80,105,65,100,70,70,1,FALSE,0,0,0,0.00%
79,Tentacool,Water,Poison,40,40,35,50,100,70,1,FALSE,79,78,157,50.32%
80,Tentacruel,Water,Poison,80,70,65,80,120,100,1,FALSE,94,23,117,80.34%
81,Geodude,Rock,Ground,40,80,100,30,30,20,1,FALSE,16,119,135,11.85%
82,Graveler,Rock,Ground,55,95,115,45,45,35,1,FALSE,29,108,137,21.17%
83,Golem,Rock,Ground,80,120,130,55,65,45,1,FALSE,50,85,135,37.04%
84,Ponyta,Fire,,50,85,55,65,65,90,1,FALSE,86,29,115,74.78%
85,Rapidash,Fire,,65,100,70,80,80,105,1,FALSE,91,14,105,86.67%
86,Slowpoke,Water,Psychic,90,65,65,40,40,15,1,FALSE,24,98,122,19.67%
87,Slowbro,Water,Psychic,95,75,110,100,80,30,1,FALSE,20,111,131,15.27%
88,Mega Slowbro,Water,Psychic,95,75,180,130,80,30,1,FALSE,16,100,116,13.79%
89,Magnemite,Electric,Steel,25,35,70,95,55,45,1,FALSE,24,119,143,16.78%
90,Magneton,Electric,Steel,50,60,95,120,70,70,1,FALSE,0,0,0,0.00%
91,Farfetch'd,Normal,Flying,52,65,55,58,62,60,1,FALSE,52,64,116,44.83%
92,Doduo,Normal,Flying,35,85,45,35,35,75,1,FALSE,87,47,134,64.93%
93,Dodrio,Normal,Flying,60,110,70,60,60,100,1,FALSE,121,22,143,84.62%
94,Seel,Water,,65,45,55,45,70,45,1,FALSE,29,90,119,24.37%
95,Dewgong,Water,Ice,90,70,80,70,95,70,1,FALSE,68,63,131,51.91%
96,Grimer,Poison,,80,80,50,40,50,25,1,FALSE,25,117,142,17.61%
97,Muk,Poison,,105,105,75,65,100,50,1,FALSE,50,83,133,37.59%
98,Shellder,Water,,30,65,100,45,25,40,1,FALSE,21,90,111,18.92%
99,Cloyster,Water,Ice,50,95,180,85,45,70,1,FALSE,71,63,134,52.99%
100,Gastly,Ghost,Poison,30,35,30,100,35,80,1,FALSE,61,67,128,47.66%
101,Haunter,Ghost,Poison,45,50,45,115,55,95,1,FALSE,77,34,111,69.37%
102,Gengar,Ghost,Poison,60,65,60,130,75,110,1,FALSE,88,26,114,77.19%
103,Mega Gengar,Ghost,Poison,60,65,80,170,95,130,1,FALSE,113,18,131,86.26%
104,Onix,Rock,Ground,35,45,160,30,45,70,1,FALSE,65,70,135,48.15%
105,Drowzee,Psychic,,60,48,45,43,90,42,1,FALSE,30,107,137,21.90%
106,Hypno,Psychic,,85,73,70,73,115,67,1,FALSE,61,58,119,51.26%
107,Krabby,Water,,30,105,90,25,25,50,1,FALSE,38,99,137,27.74%
108,Kingler,Water,,55,130,115,50,50,75,1,FALSE,67,45,112,59.82%
109,Voltorb,Electric,,40,30,50,55,55,100,1,FALSE,66,47,113,58.41%
110,Electrode,Electric,,60,50,70,80,80,140,1,FALSE,109,20,129,84.50%
111,Exeggcute,Grass,Psychic,60,40,80,60,45,40,1,FALSE,32,104,136,23.53%
112,Exeggutor,Grass,Psychic,95,95,85,125,65,55,1,FALSE,37,58,95,38.95%
113,Cubone,Ground,,50,50,95,40,50,35,1,FALSE,29,114,143,20.28%
114,Marowak,Ground,,60,80,110,50,80,45,1,FALSE,34,86,120,28.33%
115,Hitmonlee,Fighting,,50,120,53,35,110,87,1,FALSE,82,46,128,64.06%
116,Hitmonchan,Fighting,,50,105,79,35,110,76,1,FALSE,87,53,140,62.14%
117,Lickitung,Normal,,90,55,75,60,75,30,1,FALSE,19,117,136,13.97%
118,Koffing,Poison,,40,65,95,60,45,35,1,FALSE,20,123,143,13.99%
119,Weezing,Poison,,65,90,120,85,70,60,1,FALSE,56,73,129,43.41%
120,Rhyhorn,Ground,Rock,80,85,95,30,30,25,1,FALSE,34,85,119,28.57%
121,Rhydon,Ground,Rock,105,130,120,45,45,40,1,FALSE,48,60,108,44.44%
122,Chansey,Normal,,250,5,5,35,105,50,1,FALSE,15,83,98,15.31%
123,Tangela,Grass,,65,55,115,100,40,60,1,FALSE,49,80,129,37.98%
124,Kangaskhan,Normal,,105,95,80,40,80,90,1,FALSE,95,31,126,75.40%
125,Mega Kangaskhan,Normal,,105,125,100,60,100,100,1,FALSE,107,21,128,83.59%
126,Horsea,Water,,30,40,70,70,25,60,1,FALSE,55,78,133,41.35%
127,Seadra,Water,,55,65,95,95,45,85,1,FALSE,78,40,118,66.10%
128,Goldeen,Water,,45,67,60,35,50,63,1,FALSE,60,57,117,51.28%
129,Seaking,Water,,80,92,65,65,80,68,1,FALSE,55,59,114,48.25%
130,Staryu,Water,,30,45,55,70,55,85,1,FALSE,80,62,142,56.34%
131,Starmie,Water,Psychic,60,75,85,100,85,115,1,FALSE,116,13,129,89.92%
132,Mr. Mime,Psychic,Fairy,40,45,65,100,120,90,1,FALSE,76,60,136,55.88%
133,Scyther,Bug,Flying,70,110,80,55,80,105,1,FALSE,124,17,141,87.94%
134,Jynx,Ice,Psychic,65,50,35,115,95,95,1,FALSE,99,36,135,73.33%
135,Electabuzz,Electric,,65,83,57,95,85,105,1,FALSE,115,14,129,89.15%
136,Magmar,Fire,,65,95,57,100,85,93,1,FALSE,96,33,129,74.42%
137,Pinsir,Bug,,65,125,100,55,70,85,1,FALSE,81,43,124,65.32%
138,Mega Pinsir,Bug,Flying,65,155,120,65,90,105,1,FALSE,105,16,121,86.78%
139,Tauros,Normal,,75,100,95,40,70,110,1,FALSE,102,15,117,87.18%
140,Magikarp,Water,,20,10,55,15,20,80,1,FALSE,25,114,139,17.99%
141,Gyarados,Water,Flying,95,125,79,60,100,81,1,FALSE,82,51,133,61.65%
142,Mega Gyarados,Water,Dark,95,155,109,70,130,81,1,FALSE,93,44,137,67.88%
143,Lapras,Water,Ice,130,85,80,85,95,60,1,FALSE,61,78,139,43.88%
144,Ditto,Normal,,48,48,48,48,48,48,1,FALSE,0,0,0,0.00%
145,Eevee,Normal,,55,55,50,45,65,55,1,FALSE,37,62,99,37.37%
146,Vaporeon,Water,,130,65,60,110,95,65,1,FALSE,69,63,132,52.27%
147,Jolteon,Electric,,65,65,60,110,95,130,1,FALSE,124,10,134,92.54%
148,Flareon,Fire,,65,130,60,95,110,65,1,FALSE,70,62,132,53.03%
149,Porygon,Normal,,65,60,70,85,75,40,1,FALSE,23,105,128,17.97%
150,Omanyte,Rock,Water,35,40,100,90,55,35,1,FALSE,23,105,128,17.97%
151,Omastar,Rock,Water,70,60,125,115,70,55,1,FALSE,49,89,138,35.51%
152,Kabuto,Rock,Water,30,80,90,55,45,55,1,FALSE,61,81,142,42.96%
153,Kabutops,Rock,Water,60,115,105,65,70,80,1,FALSE,79,31,110,71.82%
154,Aerodactyl,Rock,Flying,80,105,65,60,75,130,1,FALSE,136,5,141,96.45%
155,Mega Aerodactyl,Rock,Flying,80,135,85,70,95,150,1,FALSE,127,2,129,98.45%
156,Snorlax,Normal,,160,110,65,65,110,30,1,FALSE,40,72,112,35.71%
157,Articuno,Ice,Flying,90,85,100,95,125,85,1,TRUE,95,44,139,68.35%
158,Zapdos,Electric,Flying,90,90,85,125,90,100,1,TRUE,93,28,121,76.86%
159,Moltres,Fire,Flying,90,100,90,125,85,90,1,TRUE,100,36,136,73.53%
160,Dratini,Dragon,,41,64,45,50,50,50,1,FALSE,43,74,117,36.75%
161,Dragonair,Dragon,,61,84,65,70,70,70,1,FALSE,58,58,116,50.00%
162,Dragonite,Dragon,Flying,91,134,95,100,100,80,1,FALSE,87,51,138,63.04%
163,Mewtwo,Psychic,,106,110,90,154,90,130,1,TRUE,152,12,164,92.68%
164,Mega Mewtwo X,Psychic,Fighting,106,190,100,154,100,130,1,TRUE,125,10,135,92.59%
165,Mega Mewtwo Y,Psychic,,106,150,70,194,120,140,1,TRUE,119,6,125,95.20%
166,Mew,Psychic,,100,100,100,100,100,100,1,FALSE,94,19,113,83.19%
167,Chikorita,Grass,,45,49,65,49,65,45,2,FALSE,33,87,120,27.50%
168,Bayleef,Grass,,60,62,80,63,80,60,2,FALSE,49,64,113,43.36%
169,Meganium,Grass,,80,82,100,83,100,80,2,FALSE,88,41,129,68.22%
170,Cyndaquil,Fire,,39,52,43,60,50,65,2,FALSE,61,60,121,50.41%
171,Quilava,Fire,,58,64,58,80,65,80,2,FALSE,92,59,151,60.93%
172,Typhlosion,Fire,,78,84,78,109,85,100,2,FALSE,100,16,116,86.21%
173,Totodile,Water,,50,65,64,44,48,43,2,FALSE,29,103,132,21.97%
174,Croconaw,Water,,65,80,80,59,63,58,2,FALSE,60,76,136,44.12%
175,Feraligatr,Water,,85,105,100,79,83,78,2,FALSE,81,57,138,58.70%
176,Sentret,Normal,,35,46,34,35,45,20,2,FALSE,9,116,125,7.20%
177,Furret,Normal,,85,76,64,45,55,90,2,FALSE,93,45,138,67.39%
178,Hoothoot,Normal,Flying,60,30,30,36,56,50,2,FALSE,36,75,111,32.43%
179,Noctowl,Normal,Flying,100,50,50,76,96,70,2,FALSE,68,68,136,50.00%
180,Ledyba,Bug,Flying,40,20,30,40,80,55,2,FALSE,28,95,123,22.76%
181,Ledian,Bug,Flying,55,35,50,55,110,85,2,FALSE,86,51,137,62.77%
182,Spinarak,Bug,Poison,40,60,40,40,40,30,2,FALSE,13,124,137,9.49%
183,Ariados,Bug,Poison,70,90,70,60,60,40,2,FALSE,0,0,0,0.00%
184,Crobat,Poison,Flying,85,90,80,70,80,130,2,FALSE,113,9,122,92.62%
185,Chinchou,Water,Electric,75,38,38,56,56,67,2,FALSE,60,54,114,52.63%
186,Lanturn,Water,Electric,125,58,58,76,76,67,2,FALSE,66,62,128,51.56%
187,Pichu,Electric,,20,40,15,35,35,60,2,FALSE,36,69,105,34.29%
188,Cleffa,Fairy,,50,25,28,45,55,15,2,FALSE,7,105,112,6.25%
189,Igglybuff,Normal,Fairy,90,30,15,40,20,15,2,FALSE,5,110,115,4.35%
190,Togepi,Fairy,,35,20,65,40,65,20,2,FALSE,3,119,122,2.46%
191,Togetic,Fairy,Flying,55,40,85,80,105,40,2,FALSE,30,97,127,23.62%
192,Natu,Psychic,Flying,40,50,45,70,45,70,2,FALSE,64,52,116,55.17%
193,Xatu,Psychic,Flying,65,75,70,95,70,95,2,FALSE,88,33,121,72.73%
194,Mareep,Electric,,55,40,40,65,45,35,2,FALSE,23,117,140,16.43%
195,Flaaffy,Electric,,70,55,55,80,60,45,2,FALSE,24,84,108,22.22%
196,Ampharos,Electric,,90,75,85,115,90,55,2,FALSE,41,78,119,34.45%
197,Mega Ampharos,Electric,Dragon,90,95,105,165,110,45,2,FALSE,37,91,128,28.91%
198,Bellossom,Grass,,75,80,95,90,100,50,2,FALSE,30,109,139,21.58%
199,Marill,Water,Fairy,70,20,50,20,50,40,2,FALSE,19,103,122,15.57%
200,Azumarill,Water,Fairy,100,50,80,60,80,50,2,FALSE,44,84,128,34.38%
201,Sudowoodo,Rock,,70,100,115,30,65,30,2,FALSE,30,93,123,24.39%
202,Politoed,Water,,90,75,75,90,100,70,2,FALSE,65,54,119,54.62%
203,Hoppip,Grass,Flying,35,35,40,35,55,50,2,FALSE,48,71,119,40.34%
204,Skiploom,Grass,Flying,55,45,50,45,65,80,2,FALSE,66,53,119,55.46%
205,Jumpluff,Grass,Flying,75,55,70,55,95,110,2,FALSE,114,21,135,84.44%
206,Aipom,Normal,,55,70,55,40,55,85,2,FALSE,87,36,123,70.73%
207,Sunkern,Grass,,30,30,30,30,30,30,2,FALSE,14,97,111,12.61%
208,Sunflora,Grass,,75,75,55,105,85,30,2,FALSE,23,119,142,16.20%
209,Yanma,Bug,Flying,65,65,45,75,45,95,2,FALSE,90,35,125,72.00%
210,Wooper,Water,Ground,55,45,45,25,25,15,2,FALSE,6,119,125,4.80%
211,Quagsire,Water,Ground,95,85,85,65,65,35,2,FALSE,36,104,140,25.71%
212,Espeon,Psychic,,65,65,60,130,95,110,2,FALSE,117,25,142,82.39%
213,Umbreon,Dark,,95,65,110,60,130,65,2,FALSE,67,60,127,52.76%
214,Murkrow,Dark,Flying,60,85,42,85,42,91,2,FALSE,130,28,158,82.28%
215,Slowking,Water,Psychic,95,75,80,100,110,30,2,FALSE,32,100,132,24.24%
216,Misdreavus,Ghost,,60,60,60,85,85,85,2,FALSE,84,49,133,63.16%
217,Unown,Psychic,,48,72,48,72,48,48,2,FALSE,33,94,127,25.98%
218,Wobbuffet,Psychic,,190,33,58,33,58,33,2,FALSE,18,116,134,13.43%
219,Girafarig,Normal,Psychic,70,80,65,90,65,85,2,FALSE,74,54,128,57.81%
220,Pineco,Bug,,50,65,90,35,35,15,2,FALSE,16,93,109,14.68%
221,Forretress,Bug,Steel,75,90,140,60,60,40,2,FALSE,37,86,123,30.08%
222,Dunsparce,Normal,,100,70,70,65,65,45,2,FALSE,26,111,137,18.98%
223,Gligar,Ground,Flying,65,75,105,35,65,85,2,FALSE,93,41,134,69.40%
224,Steelix,Steel,Ground,75,85,200,55,65,30,2,FALSE,25,124,149,16.78%
225,Mega Steelix,Steel,Ground,75,125,230,55,95,30,2,FALSE,50,95,145,34.48%
226,Snubbull,Fairy,,60,80,50,40,40,30,2,FALSE,21,116,137,15.33%
227,Granbull,Fairy,,90,120,75,60,60,45,2,FALSE,35,84,119,29.41%
228,Qwilfish,Water,Poison,65,95,75,55,55,85,2,FALSE,104,46,150,69.33%
229,Scizor,Bug,Steel,70,130,100,55,80,65,2,FALSE,76,49,125,60.80%
230,Mega Scizor,Bug,Steel,70,150,140,65,100,75,2,FALSE,77,63,140,55.00%
231,Shuckle,Bug,Rock,20,10,230,10,230,5,2,FALSE,0,135,135,0.00%
232,Heracross,Bug,Fighting,80,125,75,40,95,85,2,FALSE,94,42,136,69.12%
233,Mega Heracross,Bug,Fighting,80,185,115,40,105,75,2,FALSE,81,49,130,62.31%
234,Sneasel,Dark,Ice,55,95,55,35,75,115,2,FALSE,106,7,113,93.81%
235,Teddiursa,Normal,,60,80,50,50,50,40,2,FALSE,26,83,109,23.85%
236,Ursaring,Normal,,90,130,75,75,75,55,2,FALSE,0,0,0,0.00%
237,Slugma,Fire,,40,40,40,70,40,20,2,FALSE,4,119,123,3.25%
238,Magcargo,Fire,Rock,50,50,120,80,80,30,2,FALSE,9,115,124,7.26%
239,Swinub,Ice,Ground,50,50,40,30,30,50,2,FALSE,37,96,133,27.82%
240,Piloswine,Ice,Ground,100,100,80,60,60,50,2,FALSE,36,82,118,30.51%
241,Corsola,Water,Rock,55,55,85,65,85,35,2,FALSE,28,111,139,20.14%
242,Remoraid,Water,,35,65,35,65,35,65,2,FALSE,69,79,148,46.62%
243,Octillery,Water,,75,105,75,105,75,45,2,FALSE,37,76,113,32.74%
244,Delibird,Ice,Flying,45,55,45,65,45,75,2,FALSE,74,56,130,56.92%
245,Mantine,Water,Flying,65,40,70,80,140,70,2,FALSE,78,53,131,59.54%
246,Skarmory,Steel,Flying,65,80,140,40,70,70,2,FALSE,70,64,134,52.24%
247,Houndour,Dark,Fire,45,60,30,80,50,65,2,FALSE,58,68,126,46.03%
248,Houndoom,Dark,Fire,75,90,50,110,80,95,2,FALSE,111,28,139,79.86%
249,Mega Houndoom,Dark,Fire,75,90,90,140,90,115,2,FALSE,128,7,135,94.81%
250,Kingdra,Water,Dragon,75,95,95,95,95,85,2,FALSE,88,48,136,64.71%
251,Phanpy,Ground,,90,60,60,40,40,40,2,FALSE,39,93,132,29.55%
252,Donphan,Ground,,90,120,120,60,60,50,2,FALSE,48,88,136,35.29%
253,Porygon2,Normal,,85,80,90,105,95,60,2,FALSE,53,55,108,49.07%
254,Stantler,Normal,,73,95,62,85,65,85,2,FALSE,90,45,135,66.67%
255,Smeargle,Normal,,55,20,35,20,45,75,2,FALSE,52,86,138,37.68%
256,Tyrogue,Fighting,,35,35,35,35,35,35,2,FALSE,17,110,127,13.39%
257,Hitmontop,Fighting,,50,95,95,35,110,70,2,FALSE,72,67,139,51.80%
258,Smoochum,Ice,Psychic,45,30,15,85,65,65,2,FALSE,46,81,127,36.22%
259,Elekid,Electric,,45,63,37,65,55,95,2,FALSE,116,28,144,80.56%
260,Magby,Fire,,45,75,37,70,55,83,2,FALSE,81,50,131,61.83%
261,Miltank,Normal,,95,80,105,40,70,100,2,FALSE,103,25,128,80.47%
262,Blissey,Normal,,255,10,10,75,135,55,2,FALSE,40,88,128,31.25%
263,Raikou,Electric,,90,85,75,115,100,115,2,TRUE,91,6,97,93.81%
264,Entei,Fire,,115,115,85,90,75,100,2,TRUE,109,25,134,81.34%
265,Suicune,Water,,100,75,115,90,115,85,2,TRUE,78,43,121,64.46%
266,Larvitar,Rock,Ground,50,64,50,45,50,41,2,FALSE,25,85,110,22.73%
267,Pupitar,Rock,Ground,70,84,70,65,70,51,2,FALSE,41,98,139,29.50%
268,Tyranitar,Rock,Dark,100,134,110,95,100,61,2,FALSE,56,82,138,40.58%
269,Mega Tyranitar,Rock,Dark,100,164,150,95,120,71,2,FALSE,70,54,124,56.45%
270,Lugia,Psychic,Flying,106,90,130,90,154,110,2,TRUE,107,16,123,86.99%
271,Ho-oh,Fire,Flying,106,130,90,110,154,90,2,TRUE,77,30,107,71.96%
272,Celebi,Psychic,Grass,100,100,100,100,100,100,2,FALSE,111,22,133,83.46%
273,Treecko,Grass,,40,45,35,65,55,70,3,FALSE,52,64,116,44.83%
274,Grovyle,Grass,,50,65,45,85,65,95,3,FALSE,76,29,105,72.38%
275,Sceptile,Grass,,70,85,65,105,85,120,3,FALSE,113,9,122,92.62%
276,Mega Sceptile,Grass,Dragon,70,110,75,145,85,145,3,FALSE,119,7,126,94.44%
277,Torchic,Fire,,45,60,40,70,50,45,3,FALSE,39,98,137,28.47%
278,Combusken,Fire,Fighting,60,85,60,85,60,55,3,FALSE,54,93,147,36.73%
279,Blaziken,Fire,Fighting,80,120,70,110,70,80,3,FALSE,79,44,123,64.23%
280,Mega Blaziken,Fire,Fighting,80,160,80,130,80,100,3,FALSE,104,19,123,84.55%
281,Mudkip,Water,,50,70,50,50,50,40,3,FALSE,22,113,135,16.30%
282,Marshtomp,Water,Ground,70,85,70,60,70,50,3,FALSE,42,106,148,28.38%
283,Swampert,Water,Ground,100,110,90,85,90,60,3,FALSE,65,71,136,47.79%
284,Mega Swampert,Water,Ground,100,150,110,95,110,70,3,FALSE,77,53,130,59.23%
285,Poochyena,Dark,,35,55,35,30,30,35,3,FALSE,27,87,114,23.68%
286,Mightyena,Dark,,70,90,70,60,60,70,3,FALSE,85,48,133,63.91%
287,Zigzagoon,Normal,,38,30,41,30,41,60,3,FALSE,31,76,107,28.97%
288,Linoone,Normal,,78,70,61,50,61,100,3,FALSE,101,23,124,81.45%
289,Wurmple,Bug,,45,45,35,20,30,20,3,FALSE,10,128,138,7.25%
290,Silcoon,Bug,,50,35,55,25,25,15,3,FALSE,3,135,138,2.17%
291,Beautifly,Bug,Flying,60,70,50,100,50,65,3,FALSE,72,66,138,52.17%
292,Cascoon,Bug,,50,35,55,25,25,15,3,FALSE,7,126,133,5.26%
293,Dustox,Bug,Poison,60,50,70,50,90,65,3,FALSE,55,84,139,39.57%
294,Lotad,Water,Grass,40,30,30,40,50,30,3,FALSE,10,116,126,7.94%
295,Lombre,Water,Grass,60,50,50,60,70,50,3,FALSE,36,91,127,28.35%
296,Ludicolo,Water,Grass,80,70,70,90,100,70,3,FALSE,69,54,123,56.10%
297,Seedot,Grass,,40,40,50,30,30,30,3,FALSE,11,115,126,8.73%
298,Nuzleaf,Grass,Dark,70,70,40,60,40,60,3,FALSE,48,65,113,42.48%
299,Shiftry,Grass,Dark,90,100,60,90,60,80,3,FALSE,79,44,123,64.23%
300,Taillow,Normal,Flying,40,55,30,30,30,85,3,FALSE,86,39,125,68.80%
301,Swellow,Normal,Flying,60,85,60,50,50,125,3,FALSE,110,11,121,90.91%
302,Wingull,Water,Flying,40,30,30,55,30,85,3,FALSE,56,64,120,46.67%
303,Pelipper,Water,Flying,60,50,100,85,70,65,3,FALSE,59,65,124,47.58%
304,Ralts,Psychic,Fairy,28,25,25,45,35,40,3,FALSE,23,120,143,16.08%
305,Kirlia,Psychic,Fairy,38,35,35,65,55,50,3,FALSE,36,100,136,26.47%
306,Gardevoir,Psychic,Fairy,68,65,65,125,115,80,3,FALSE,84,46,130,64.62%
307,Mega Gardevoir,Psychic,Fairy,68,85,65,165,135,100,3,FALSE,97,23,120,80.83%
308,Surskit,Bug,Water,40,30,32,50,52,65,3,FALSE,47,81,128,36.72%
309,Masquerain,Bug,Flying,70,60,62,80,82,60,3,FALSE,63,81,144,43.75%
310,Shroomish,Grass,,60,40,60,40,60,35,3,FALSE,26,118,144,18.06%
311,Breloom,Grass,Fighting,60,130,80,60,60,70,3,FALSE,67,63,130,51.54%
312,Slakoth,Normal,,60,60,60,35,35,30,3,FALSE,15,119,134,11.19%
313,Vigoroth,Normal,,80,80,80,55,55,90,3,FALSE,86,48,134,64.18%
314,Slaking,Normal,,150,160,100,95,65,100,3,FALSE,133,17,150,88.67%
315,Nincada,Bug,Ground,31,45,90,30,30,40,3,FALSE,25,89,114,21.93%
316,Ninjask,Bug,Flying,61,90,45,50,50,160,3,FALSE,108,9,117,92.31%
317,Shedinja,Bug,Ghost,1,90,45,30,30,40,3,FALSE,41,83,124,33.06%
318,Whismur,Normal,,64,51,23,51,23,28,3,FALSE,15,117,132,11.36%
319,Loudred,Normal,,84,71,43,71,43,48,3,FALSE,37,106,143,25.87%
320,Exploud,Normal,,104,91,63,91,73,68,3,FALSE,65,62,127,51.18%
321,Makuhita,Fighting,,72,60,30,20,30,25,3,FALSE,14,107,121,11.57%
322,Hariyama,Fighting,,144,120,60,40,60,50,3,FALSE,0,0,0,0.00%
323,Azurill,Normal,Fairy,50,20,40,20,40,20,3,FALSE,13,122,135,9.63%
324,Nosepass,Rock,,30,45,135,45,90,30,3,FALSE,13,127,140,9.29%
325,Skitty,Normal,,50,45,45,35,35,50,3,FALSE,32,104,136,23.53%
326,Delcatty,Normal,,70,65,65,55,55,70,3,FALSE,58,58,116,50.00%
327,Sableye,Dark,Ghost,50,75,75,65,65,50,3,FALSE,49,72,121,40.50%
328,Mega Sableye,Dark,Ghost,50,85,125,85,115,20,3,FALSE,59,78,137,43.07%
329,Mawile,Steel,Fairy,50,85,85,55,55,50,3,FALSE,48,75,123,39.02%
330,Mega Mawile,Steel,Fairy,50,105,125,55,95,50,3,FALSE,53,88,141,37.59%
331,Aron,Steel,Rock,50,70,100,40,40,30,3,FALSE,28,98,126,22.22%
332,Lairon,Steel,Rock,60,90,140,50,50,40,3,FALSE,36,106,142,25.35%
333,Aggron,Steel,Rock,70,110,180,60,60,50,3,FALSE,63,90,153,41.18%
334,Mega Aggron,Steel,,70,140,230,60,80,50,3,FALSE,48,100,148,32.43%
335,Meditite,Fighting,Psychic,30,40,55,40,55,60,3,FALSE,45,94,139,32.37%
336,Medicham,Fighting,Psychic,60,60,75,60,75,80,3,FALSE,82,30,112,73.21%
337,Mega Medicham,Fighting,Psychic,60,100,85,80,85,100,3,FALSE,89,38,127,70.08%
338,Electrike,Electric,,40,45,40,65,40,65,3,FALSE,77,59,136,56.62%
339,Manectric,Electric,,70,75,60,105,60,105,3,FALSE,110,15,125,88.00%
340,Mega Manectric,Electric,,70,75,80,135,80,135,3,FALSE,123,11,134,91.79%
341,Plusle,Electric,,60,50,40,85,75,95,3,FALSE,92,30,122,75.41%
342,Minun,Electric,,60,40,50,75,85,95,3,FALSE,81,53,134,60.45%
343,Volbeat,Bug,,65,73,55,47,75,85,3,FALSE,76,35,111,68.47%
344,Illumise,Bug,,65,47,55,73,75,85,3,FALSE,104,56,160,65.00%
345,Roselia,Grass,Poison,50,60,45,100,80,65,3,FALSE,53,63,116,45.69%
346,Gulpin,Poison,,70,43,53,43,53,40,3,FALSE,21,89,110,19.09%
347,Swalot,Poison,,100,73,83,73,83,55,3,FALSE,45,76,121,37.19%
348,Carvanha,Water,Dark,45,90,20,65,20,65,3,FALSE,66,63,129,51.16%
349,Sharpedo,Water,Dark,70,120,40,95,40,95,3,FALSE,107,25,132,81.06%
350,Mega Sharpedo,Water,Dark,70,140,70,110,65,105,3,FALSE,114,6,120,95.00%
351,Wailmer,Water,,130,70,35,70,35,60,3,FALSE,45,67,112,40.18%
352,Wailord,Water,,170,90,45,90,45,60,3,FALSE,59,79,138,42.75%
353,Numel,Fire,Ground,60,60,40,65,45,35,3,FALSE,19,101,120,15.83%
354,Camerupt,Fire,Ground,70,100,70,105,75,40,3,FALSE,26,86,112,23.21%
355,Mega Camerupt,Fire,Ground,70,120,100,145,105,20,3,FALSE,37,94,131,28.24%
356,Torkoal,Fire,,70,85,140,85,70,20,3,FALSE,34,91,125,27.20%
357,Spoink,Psychic,,60,25,35,70,80,60,3,FALSE,36,81,117,30.77%
358,Grumpig,Psychic,,80,45,65,90,110,80,3,FALSE,59,49,108,54.63%
359,Spinda,Normal,,60,60,60,60,60,60,3,FALSE,48,78,126,38.10%
360,Trapinch,Ground,,45,100,45,45,45,10,3,FALSE,41,98,139,29.50%
361,Vibrava,Ground,Dragon,50,70,50,50,50,70,3,FALSE,70,54,124,56.45%
362,Flygon,Ground,Dragon,80,100,80,80,80,100,3,FALSE,105,11,116,90.52%
363,Cacnea,Grass,,50,85,40,85,40,35,3,FALSE,22,104,126,17.46%
364,Cacturne,Grass,Dark,70,115,60,115,60,55,3,FALSE,66,76,142,46.48%
365,Swablu,Normal,Flying,45,40,60,40,75,50,3,FALSE,36,87,123,29.27%
366,Altaria,Dragon,Flying,75,70,90,70,105,80,3,FALSE,82,43,125,65.60%
367,Mega Altaria,Dragon,Fairy,75,110,110,110,105,80,3,FALSE,90,47,137,65.69%
368,Zangoose,Normal,,73,115,60,60,60,90,3,FALSE,79,39,118,66.95%
369,Seviper,Poison,,73,100,60,100,60,65,3,FALSE,61,82,143,42.66%
370,Lunatone,Rock,Psychic,70,55,65,95,85,70,3,FALSE,69,61,130,53.08%
371,Solrock,Rock,Psychic,70,95,85,55,65,70,3,FALSE,54,54,108,50.00%
372,Barboach,Water,Ground,50,48,43,46,41,60,3,FALSE,70,78,148,47.30%
373,Whiscash,Water,Ground,110,78,73,76,71,60,3,FALSE,41,82,123,33.33%
374,Corphish,Water,,43,80,65,50,35,35,3,FALSE,22,133,155,14.19%
375,Crawdaunt,Water,Dark,63,120,85,90,55,55,3,FALSE,34,87,121,28.10%
376,Baltoy,Ground,Psychic,40,40,55,40,70,55,3,FALSE,61,88,149,40.94%
377,Claydol,Ground,Psychic,60,70,105,70,120,75,3,FALSE,73,49,122,59.84%
378,Lileep,Rock,Grass,66,41,77,61,87,23,3,FALSE,15,109,124,12.10%
379,Cradily,Rock,Grass,86,81,97,81,107,43,3,FALSE,26,102,128,20.31%
380,Anorith,Rock,Bug,45,95,50,40,50,75,3,FALSE,81,69,150,54.00%
381,Armaldo,Rock,Bug,75,125,100,70,80,45,3,FALSE,37,75,112,33.04%
382,Feebas,Water,,20,15,20,10,55,80,3,FALSE,33,90,123,26.83%
383,Milotic,Water,,95,60,79,100,125,81,3,FALSE,80,49,129,62.02%
384,Castform,Normal,,70,70,70,70,70,70,3,FALSE,64,57,121,52.89%
385,Kecleon,Normal,,60,90,70,60,120,40,3,FALSE,34,90,124,27.42%
386,Shuppet,Ghost,,44,75,35,63,33,45,3,FALSE,36,100,136,26.47%
387,Banette,Ghost,,64,115,65,83,63,65,3,FALSE,74,65,139,53.24%
388,Mega Banette,Ghost,,64,165,75,93,83,75,3,FALSE,83,43,126,65.87%
389,Duskull,Ghost,,20,40,90,30,90,25,3,FALSE,15,117,132,11.36%
390,Dusclops,Ghost,,40,70,130,60,130,25,3,FALSE,21,100,121,17.36%
391,Tropius,Grass,Flying,99,68,83,72,87,51,3,FALSE,56,78,134,41.79%
392,Chimecho,Psychic,,65,50,70,95,80,65,3,FALSE,52,70,122,42.62%
393,Absol,Dark,,65,130,60,75,60,75,3,FALSE,89,40,129,68.99%
394,Mega Absol,Dark,,65,150,60,115,60,115,3,FALSE,130,9,139,93.53%
395,Wynaut,Psychic,,95,23,48,23,48,23,3,FALSE,6,124,130,4.62%
396,Snorunt,Ice,,50,50,50,50,50,50,3,FALSE,39,88,127,30.71%
397,Glalie,Ice,,80,80,80,80,80,80,3,FALSE,80,53,133,60.15%
398,Mega Glalie,Ice,,80,120,80,120,80,100,3,FALSE,78,14,92,84.78%
399,Spheal,Ice,Water,70,40,50,55,50,25,3,FALSE,8,123,131,6.11%
400,Sealeo,Ice,Water,90,60,70,75,70,45,3,FALSE,32,102,134,23.88%
401,Walrein,Ice,Water,110,80,90,95,90,65,3,FALSE,75,74,149,50.34%
402,Clamperl,Water,,35,64,85,74,55,32,3,FALSE,23,93,116,19.83%
403,Huntail,Water,,55,104,105,94,75,52,3,FALSE,48,84,132,36.36%
404,Gorebyss,Water,,55,84,105,114,75,52,3,FALSE,37,91,128,28.91%
405,Relicanth,Water,Rock,100,90,130,45,65,55,3,FALSE,57,77,134,42.54%
406,Luvdisc,Water,,43,30,55,40,65,97,3,FALSE,79,52,131,60.31%
407,Bagon,Dragon,,45,75,60,40,30,50,3,FALSE,38,87,125,30.40%
408,Shelgon,Dragon,,65,95,100,60,50,50,3,FALSE,43,80,123,34.96%
409,Salamence,Dragon,Flying,95,135,80,110,80,100,3,FALSE,113,24,137,82.48%
410,Mega Salamence,Dragon,Flying,95,145,130,120,90,120,3,FALSE,125,8,133,93.98%
411,Beldum,Steel,Psychic,40,55,80,35,60,30,3,FALSE,20,113,133,15.04%
412,Metang,Steel,Psychic,60,75,100,55,80,50,3,FALSE,42,94,136,30.88%
413,Metagross,Steel,Psychic,80,135,130,95,90,70,3,FALSE,57,53,110,51.82%
414,Mega Metagross,Steel,Psychic,80,145,150,105,110,110,3,FALSE,113,17,130,86.92%
415,Regirock,Rock,,80,100,200,50,100,50,3,TRUE,50,94,144,34.72%
416,Regice,Ice,,80,50,100,100,200,50,3,TRUE,33,107,140,23.57%
417,Registeel,Steel,,80,75,150,75,150,50,3,TRUE,35,78,113,30.97%
418,Latias,Dragon,Psychic,80,80,90,110,130,110,3,TRUE,116,17,133,87.22%
419,Mega Latias,Dragon,Psychic,80,100,120,140,150,110,3,TRUE,0,0,0,0.00%
420,Latios,Dragon,Psychic,80,90,80,130,110,110,3,TRUE,107,18,125,85.60%
421,Mega Latios,Dragon,Psychic,80,130,100,160,120,110,3,TRUE,97,11,108,89.81%
422,Kyogre,Water,,100,100,90,150,140,90,3,TRUE,92,36,128,71.88%
423,Primal Kyogre,Water,,100,150,90,180,160,90,3,TRUE,97,35,132,73.48%
424,Groudon,Ground,,100,150,140,100,90,90,3,TRUE,106,27,133,79.70%
425,Primal Groudon,Ground,Fire,100,180,160,150,90,90,3,TRUE,91,30,121,75.21%
426,Rayquaza,Dragon,Flying,105,150,90,150,90,95,3,TRUE,116,24,140,82.86%
427,Mega Rayquaza,Dragon,Flying,105,180,100,180,100,115,3,TRUE,127,7,134,94.78%
428,Jirachi,Steel,Psychic,100,100,100,100,100,100,3,TRUE,134,19,153,87.58%
429,Deoxys Normal Forme,Psychic,,50,150,50,150,50,150,3,TRUE,99,7,106,93.40%
430,DeoxysAttack Forme,Psychic,,50,180,20,180,20,150,3,TRUE,121,13,134,90.30%
431,Deoxys Defense Forme,Psychic,,50,70,160,70,160,90,3,TRUE,112,39,151,74.17%
432,Deoxys Speed Forme,Psychic,,50,95,90,95,90,180,3,TRUE,133,12,145,91.72%
433,Turtwig,Grass,,55,68,64,45,55,31,4,FALSE,14,106,120,11.67%
434,Grotle,Grass,,75,89,85,55,65,36,4,FALSE,39,93,132,29.55%
435,Torterra,Grass,Ground,95,109,105,75,85,56,4,FALSE,39,74,113,34.51%
436,Chimchar,Fire,,44,58,44,58,44,61,4,FALSE,47,65,112,41.96%
437,Monferno,Fire,Fighting,64,78,52,78,52,81,4,FALSE,79,44,123,64.23%
438,Infernape,Fire,Fighting,76,104,71,104,71,108,4,FALSE,136,13,149,91.28%
439,Piplup,Water,,53,51,53,61,56,40,4,FALSE,20,120,140,14.29%
440,Prinplup,Water,,64,66,68,81,76,50,4,FALSE,33,98,131,25.19%
441,Empoleon,Water,Steel,84,86,88,111,101,60,4,FALSE,57,66,123,46.34%
442,Starly,Normal,Flying,40,55,30,30,30,60,4,FALSE,54,70,124,43.55%
443,Staravia,Normal,Flying,55,75,50,40,40,80,4,FALSE,75,44,119,63.03%
444,Staraptor,Normal,Flying,85,120,70,50,60,100,4,FALSE,113,23,136,83.09%
445,Bidoof,Normal,,59,45,40,35,40,31,4,FALSE,19,114,133,14.29%
446,Bibarel,Normal,Water,79,85,60,55,60,71,4,FALSE,84,55,139,60.43%
447,Kricketot,Bug,,37,25,41,25,41,25,4,FALSE,11,113,124,8.87%
448,Kricketune,Bug,,77,85,51,55,51,65,4,FALSE,63,59,122,51.64%
449,Shinx,Electric,,45,65,34,40,34,45,4,FALSE,36,103,139,25.90%
450,Luxio,Electric,,60,85,49,60,49,60,4,FALSE,56,70,126,44.44%
451,Luxray,Electric,,80,120,79,95,79,70,4,FALSE,77,55,132,58.33%
452,Budew,Grass,Poison,40,30,35,50,70,55,4,FALSE,33,84,117,28.21%
453,Roserade,Grass,Poison,60,70,65,125,105,90,4,FALSE,94,42,136,69.12%
454,Cranidos,Rock,,67,125,40,30,30,58,4,FALSE,35,67,102,34.31%
455,Rampardos,Rock,,97,165,60,65,50,58,4,FALSE,48,75,123,39.02%
456,Shieldon,Rock,Steel,30,42,118,42,88,30,4,FALSE,14,111,125,11.20%
457,Bastiodon,Rock,Steel,60,52,168,47,138,30,4,FALSE,24,97,121,19.83%
458,Burmy,Bug,,40,29,45,29,45,36,4,FALSE,18,105,123,14.63%
459,Wormadam Plant Cloak,Bug,Grass,60,59,85,79,105,36,4,FALSE,21,105,126,16.67%
460,Wormadam Sandy Cloak,Bug,Ground,60,79,105,59,85,36,4,FALSE,22,107,129,17.05%
461,Wormadam Trash Cloak,Bug,Steel,60,69,95,69,95,36,4,FALSE,36,102,138,26.09%
462,Mothim,Bug,Flying,70,94,50,94,50,66,4,FALSE,65,70,135,48.15%
463,Combee,Bug,Flying,30,30,42,30,42,70,4,FALSE,55,75,130,42.31%
464,Vespiquen,Bug,Flying,70,80,102,80,102,40,4,FALSE,34,93,127,26.77%
465,Pachirisu,Electric,,60,45,70,45,90,95,4,FALSE,103,38,141,73.05%
466,Buizel,Water,,55,65,35,60,30,85,4,FALSE,68,43,111,61.26%
467,Floatzel,Water,,85,105,55,85,50,115,4,FALSE,112,12,124,90.32%
468,Cherubi,Grass,,45,35,45,62,53,35,4,FALSE,16,119,135,11.85%
469,Cherrim,Grass,,70,60,70,87,78,85,4,FALSE,71,43,114,62.28%
470,Shellos,Water,,76,48,48,57,62,34,4,FALSE,18,136,154,11.69%
471,Gastrodon,Water,Ground,111,83,68,92,82,39,4,FALSE,22,102,124,17.74%
472,Ambipom,Normal,,75,100,66,60,66,115,4,FALSE,102,9,111,91.89%
473,Drifloon,Ghost,Flying,90,50,34,60,44,70,4,FALSE,71,42,113,62.83%
474,Drifblim,Ghost,Flying,150,80,44,90,54,80,4,FALSE,80,48,128,62.50%
475,Buneary,Normal,,55,66,44,44,56,85,4,FALSE,93,42,135,68.89%
476,Lopunny,Normal,,65,76,84,54,96,105,4,FALSE,109,12,121,90.08%
477,Mega Lopunny,Normal,Fighting,65,136,94,54,96,135,4,FALSE,124,5,129,96.12%
478,Mismagius,Ghost,,60,60,60,105,105,105,4,FALSE,106,19,125,84.80%
479,Honchkrow,Dark,Flying,100,125,52,105,52,71,4,FALSE,0,0,0,0.00%
480,Glameow,Normal,,49,55,42,42,37,85,4,FALSE,71,46,117,60.68%
481,Purugly,Normal,,71,82,64,64,59,112,4,FALSE,111,8,119,93.28%
482,Chingling,Psychic,,45,30,50,65,50,45,4,FALSE,17,106,123,13.82%
483,Stunky,Poison,Dark,63,63,47,41,41,74,4,FALSE,70,55,125,56.00%
484,Skuntank,Poison,Dark,103,93,67,71,61,84,4,FALSE,85,34,119,71.43%
485,Bronzor,Steel,Psychic,57,24,86,24,86,23,4,FALSE,14,96,110,12.73%
486,Bronzong,Steel,Psychic,67,89,116,79,116,33,4,FALSE,37,104,141,26.24%
487,Bonsly,Rock,,50,80,95,10,45,10,4,FALSE,29,96,125,23.20%
488,Mime Jr.,Psychic,Fairy,20,25,45,70,90,60,4,FALSE,37,83,120,30.83%
489,Happiny,Normal,,100,5,5,15,65,30,4,FALSE,8,96,104,7.69%
490,Chatot,Normal,Flying,76,65,45,92,42,91,4,FALSE,111,38,149,74.50%
491,Spiritomb,Ghost,Dark,50,92,108,92,108,35,4,FALSE,29,89,118,24.58%
492,Gible,Dragon,Ground,58,70,45,40,45,42,4,FALSE,35,100,135,25.93%
493,Gabite,Dragon,Ground,68,90,65,50,55,82,4,FALSE,82,51,133,61.65%
494,Garchomp,Dragon,Ground,108,130,95,80,85,102,4,FALSE,97,30,127,76.38%
495,Mega Garchomp,Dragon,Ground,108,170,115,120,95,92,4,FALSE,85,35,120,70.83%
496,Munchlax,Normal,,135,85,40,40,85,5,4,FALSE,81,37,118,68.64%
497,Riolu,Fighting,,40,70,40,35,40,60,4,FALSE,49,76,125,39.20%
498,Lucario,Fighting,Steel,70,110,70,115,70,90,4,FALSE,90,30,120,75.00%
499,Mega Lucario,Fighting,Steel,70,145,88,140,70,112,4,FALSE,96,12,108,88.89%
500,Hippopotas,Ground,,68,72,78,38,42,32,4,FALSE,30,96,126,23.81%
501,Hippowdon,Ground,,108,112,118,68,72,47,4,FALSE,35,85,120,29.17%
502,Skorupi,Poison,Bug,40,50,90,30,55,65,4,FALSE,63,78,141,44.68%
503,Drapion,Poison,Dark,70,90,110,60,75,95,4,FALSE,88,32,120,73.33%
504,Croagunk,Poison,Fighting,48,61,40,61,40,50,4,FALSE,29,85,114,25.44%
505,Toxicroak,Poison,Fighting,83,106,65,86,65,85,4,FALSE,85,43,128,66.41%
506,Carnivine,Grass,,74,100,72,90,72,46,4,FALSE,28,86,114,24.56%
507,Finneon,Water,,49,49,56,49,61,66,4,FALSE,68,63,131,51.91%
508,Lumineon,Water,,69,69,76,69,86,91,4,FALSE,78,41,119,65.55%
509,Mantyke,Water,Flying,45,20,50,60,120,50,4,FALSE,26,82,108,24.07%
510,Snover,Grass,Ice,60,62,50,62,60,40,4,FALSE,22,99,121,18.18%
511,Abomasnow,Grass,Ice,90,92,75,92,85,60,4,FALSE,60,61,121,49.59%
512,Mega Abomasnow,Grass,Ice,90,132,105,132,105,30,4,FALSE,62,84,146,42.47%
513,Weavile,Dark,Ice,70,120,65,45,85,125,4,FALSE,116,3,119,97.48%
514,Magnezone,Electric,Steel,70,70,115,130,90,60,4,FALSE,63,55,118,53.39%
515,Lickilicky,Normal,,110,85,95,80,95,50,4,FALSE,35,94,129,27.13%
516,Rhyperior,Ground,Rock,115,140,130,55,55,40,4,FALSE,47,57,104,45.19%
517,Tangrowth,Grass,,100,100,125,110,50,50,4,FALSE,48,77,125,38.40%
518,Electivire,Electric,,75,123,67,95,85,95,4,FALSE,94,29,123,76.42%
519,Magmortar,Fire,,75,95,67,125,95,83,4,FALSE,79,32,111,71.17%
520,Togekiss,Fairy,Flying,85,50,95,120,115,80,4,FALSE,73,53,126,57.94%
521,Yanmega,Bug,Flying,86,76,86,116,56,95,4,FALSE,91,23,114,79.82%
522,Leafeon,Grass,,65,110,130,60,65,95,4,FALSE,125,26,151,82.78%
523,Glaceon,Ice,,65,60,110,130,95,65,4,FALSE,64,70,134,47.76%
524,Gliscor,Ground,Flying,75,95,125,45,75,95,4,FALSE,109,23,132,82.58%
525,Mamoswine,Ice,Ground,110,130,80,70,60,80,4,FALSE,68,48,116,58.62%
526,Porygon-Z,Normal,,85,80,70,135,75,90,4,FALSE,103,44,147,70.07%
527,Gallade,Psychic,Fighting,68,125,65,65,115,80,4,FALSE,86,51,137,62.77%
528,Mega Gallade,Psychic,Fighting,68,165,95,65,115,110,4,FALSE,112,18,130,86.15%
529,Probopass,Rock,Steel,60,55,145,75,150,40,4,FALSE,26,104,130,20.00%
530,Dusknoir,Ghost,,45,100,135,65,135,45,4,FALSE,40,96,136,29.41%
531,Froslass,Ice,Ghost,70,80,70,80,70,110,4,FALSE,91,47,138,65.94%
532,Rotom,Electric,Ghost,50,50,77,95,77,91,4,FALSE,71,49,120,59.17%
533,Heat Rotom,Electric,Fire,50,65,107,105,107,86,4,FALSE,79,34,113,69.91%
534,Wash Rotom,Electric,Water,50,65,107,105,107,86,4,FALSE,90,26,116,77.59%
535,Frost Rotom,Electric,Ice,50,65,107,105,107,86,4,FALSE,90,38,128,70.31%
536,Fan Rotom,Electric,Flying,50,65,107,105,107,86,4,FALSE,88,33,121,72.73%
537,Mow Rotom,Electric,Grass,50,65,107,105,107,86,4,FALSE,98,36,134,73.13%
538,Uxie,Psychic,,75,75,130,75,130,95,4,TRUE,92,31,123,74.80%
539,Mesprit,Psychic,,80,105,105,105,105,80,4,TRUE,79,54,133,59.40%
540,Azelf,Psychic,,75,125,70,125,70,115,4,TRUE,122,13,135,90.37%
541,Dialga,Steel,Dragon,100,120,120,150,100,90,4,TRUE,119,32,151,78.81%
542,Palkia,Water,Dragon,90,120,100,150,120,100,4,TRUE,115,34,149,77.18%
543,Heatran,Fire,Steel,91,90,106,130,106,77,4,TRUE,85,46,131,64.89%
544,Regigigas,Normal,,110,160,110,80,110,100,4,TRUE,122,20,142,85.92%
545,Giratina Altered Forme,Ghost,Dragon,150,100,120,100,120,90,4,TRUE,74,37,111,66.67%
546,Giratina Origin Forme,Ghost,Dragon,150,120,100,120,100,90,4,TRUE,89,45,134,66.42%
547,Cresselia,Psychic,,120,70,120,75,130,85,4,FALSE,79,39,118,66.95%
548,Phione,Water,,80,80,80,80,80,80,4,FALSE,74,58,132,56.06%
549,Manaphy,Water,,100,100,100,100,100,100,4,FALSE,118,16,134,88.06%
550,Darkrai,Dark,,70,90,90,135,90,125,4,TRUE,110,7,117,94.02%
551,Shaymin Land Forme,Grass,,100,100,100,100,100,100,4,TRUE,117,19,136,86.03%
552,Shaymin Sky Forme,Grass,Flying,100,103,75,120,75,127,4,TRUE,111,7,118,94.07%
553,Arceus,Normal,,120,120,120,120,120,120,4,TRUE,114,8,122,93.44%
554,Victini,Psychic,Fire,100,100,100,100,100,100,5,TRUE,115,16,131,87.79%
555,Snivy,Grass,,45,45,55,45,55,63,5,FALSE,51,60,111,45.95%
556,Servine,Grass,,60,60,75,60,75,83,5,FALSE,0,0,0,0.00%
557,Serperior,Grass,,75,75,95,75,95,113,5,FALSE,119,13,132,90.15%
558,Tepig,Fire,,65,63,45,45,45,45,5,FALSE,34,97,131,25.95%
559,Pignite,Fire,Fighting,90,93,55,70,55,55,5,FALSE,55,89,144,38.19%
560,Emboar,Fire,Fighting,110,123,65,100,65,65,5,FALSE,72,66,138,52.17%
561,Oshawott,Water,,55,55,45,63,45,45,5,FALSE,31,93,124,25.00%
562,Dewott,Water,,75,75,60,83,60,60,5,FALSE,48,74,122,39.34%
563,Samurott,Water,,95,100,85,108,70,70,5,FALSE,65,50,115,56.52%
564,Patrat,Normal,,45,55,39,35,39,42,5,FALSE,25,110,135,18.52%
565,Watchog,Normal,,60,85,69,60,69,77,5,FALSE,69,64,133,51.88%
566,Lillipup,Normal,,45,60,45,25,45,55,5,FALSE,29,71,100,29.00%
567,Herdier,Normal,,65,80,65,35,65,60,5,FALSE,53,85,138,38.41%
568,Stoutland,Normal,,85,110,90,45,90,80,5,FALSE,72,44,116,62.07%
569,Purrloin,Dark,,41,50,37,50,37,66,5,FALSE,59,55,114,51.75%
570,Liepard,Dark,,64,88,50,88,50,106,5,FALSE,123,12,135,91.11%
571,Pansage,Grass,,50,53,48,53,48,64,5,FALSE,53,77,130,40.77%
572,Simisage,Grass,,75,98,63,98,63,101,5,FALSE,106,25,131,80.92%
573,Pansear,Fire,,50,53,48,53,48,64,5,FALSE,60,70,130,46.15%
574,Simisear,Fire,,75,98,63,98,63,101,5,FALSE,113,14,127,88.98%
575,Panpour,Water,,50,53,48,53,48,64,5,FALSE,42,75,117,35.90%
576,Simipour,Water,,75,98,63,98,63,101,5,FALSE,113,20,133,84.96%
577,Munna,Psychic,,76,25,45,67,55,24,5,FALSE,5,123,128,3.91%
578,Musharna,Psychic,,116,55,85,107,95,29,5,FALSE,9,123,132,6.82%
579,Pidove,Normal,Flying,50,55,50,36,30,43,5,FALSE,45,109,154,29.22%
580,Tranquill,Normal,Flying,62,77,62,50,42,65,5,FALSE,60,64,124,48.39%
581,Unfezant,Normal,Flying,80,115,80,65,55,93,5,FALSE,102,28,130,78.46%
582,Blitzle,Electric,,45,60,32,50,32,76,5,FALSE,80,55,135,59.26%
583,Zebstrika,Electric,,75,100,63,80,63,116,5,FALSE,100,7,107,93.46%
584,Roggenrola,Rock,,55,75,85,25,25,15,5,FALSE,27,117,144,18.75%
585,Boldore,Rock,,70,105,105,50,40,20,5,FALSE,44,87,131,33.59%
586,Gigalith,Rock,,85,135,130,60,80,25,5,FALSE,60,88,148,40.54%
587,Woobat,Psychic,Flying,55,45,43,55,43,72,5,FALSE,72,51,123,58.54%
588,Swoobat,Psychic,Flying,67,57,55,77,55,114,5,FALSE,103,13,116,88.79%
589,Drilbur,Ground,,60,85,40,30,45,68,5,FALSE,70,39,109,64.22%
590,Excadrill,Ground,Steel,110,135,60,50,65,88,5,FALSE,103,30,133,77.44%
591,Audino,Normal,,103,60,86,60,86,50,5,FALSE,46,87,133,34.59%
592,Mega Audino,Normal,Fairy,103,60,126,80,126,50,5,FALSE,48,84,132,36.36%
593,Timburr,Fighting,,75,80,55,25,35,35,5,FALSE,28,122,150,18.67%
594,Gurdurr,Fighting,,85,105,85,40,50,40,5,FALSE,25,93,118,21.19%
595,Conkeldurr,Fighting,,105,140,95,55,65,45,5,FALSE,39,91,130,30.00%
596,Tympole,Water,,50,50,40,50,40,64,5,FALSE,62,74,136,45.59%
597,Palpitoad,Water,Ground,75,65,55,65,55,69,5,FALSE,54,70,124,43.55%
598,Seismitoad,Water,Ground,105,95,75,85,75,74,5,FALSE,68,51,119,57.14%
599,Throh,Fighting,,120,100,85,30,85,45,5,FALSE,33,114,147,22.45%
600,Sawk,Fighting,,75,125,75,30,75,85,5,FALSE,85,51,136,62.50%
601,Sewaddle,Bug,Grass,45,53,70,40,60,42,5,FALSE,35,101,136,25.74%
602,Swadloon,Bug,Grass,55,63,90,50,80,42,5,FALSE,26,97,123,21.14%
603,Leavanny,Bug,Grass,75,103,80,70,80,92,5,FALSE,96,25,121,79.34%
604,Venipede,Bug,Poison,30,45,59,30,39,57,5,FALSE,37,95,132,28.03%
605,Whirlipede,Bug,Poison,40,55,99,40,79,47,5,FALSE,26,73,99,26.26%
606,Scolipede,Bug,Poison,60,100,89,55,69,112,5,FALSE,106,8,114,92.98%
607,Cottonee,Grass,Fairy,40,27,60,37,50,66,5,FALSE,46,81,127,36.22%
608,Whimsicott,Grass,Fairy,60,67,85,77,75,116,5,FALSE,104,13,117,88.89%
609,Petilil,Grass,,45,35,50,70,50,30,5,FALSE,23,123,146,15.75%
610,Lilligant,Grass,,70,60,75,110,75,90,5,FALSE,91,36,127,71.65%
611,Basculin,Water,,70,92,65,80,55,98,5,FALSE,89,21,110,80.91%
612,Sandile,Ground,Dark,50,72,35,35,35,65,5,FALSE,72,62,134,53.73%
613,Krokorok,Ground,Dark,60,82,45,45,45,74,5,FALSE,65,48,113,57.52%
614,Krookodile,Ground,Dark,95,117,80,65,70,92,5,FALSE,111,21,132,84.09%
615,Darumaka,Fire,,70,90,45,15,45,50,5,FALSE,45,79,124,36.29%
616,Darmanitan Standard Mode,Fire,,105,140,55,30,55,95,5,FALSE,109,24,133,81.95%
617,Darmanitan Zen Mode,Fire,Psychic,105,30,105,140,105,55,5,FALSE,43,79,122,35.25%
618,Maractus,Grass,,75,86,67,106,67,60,5,FALSE,0,0,0,0.00%
619,Dwebble,Bug,Rock,50,65,85,35,35,55,5,FALSE,43,89,132,32.58%
620,Crustle,Bug,Rock,70,95,125,65,75,45,5,FALSE,40,79,119,33.61%
621,Scraggy,Dark,Fighting,50,75,70,35,70,48,5,FALSE,32,77,109,29.36%
622,Scrafty,Dark,Fighting,65,90,115,45,115,58,5,FALSE,61,60,121,50.41%
623,Sigilyph,Psychic,Flying,72,58,80,103,80,97,5,FALSE,109,43,152,71.71%
624,Yamask,Ghost,,38,30,85,55,65,30,5,FALSE,27,99,126,21.43%
625,Cofagrigus,Ghost,,58,50,145,95,105,30,5,FALSE,30,92,122,24.59%
626,Tirtouga,Water,Rock,54,78,103,53,45,22,5,FALSE,30,99,129,23.26%
627,Carracosta,Water,Rock,74,108,133,83,65,32,5,FALSE,45,95,140,32.14%
628,Archen,Rock,Flying,55,112,45,74,45,70,5,FALSE,66,52,118,55.93%
629,Archeops,Rock,Flying,75,140,65,112,65,110,5,FALSE,117,11,128,91.41%
630,Trubbish,Poison,,50,50,62,40,62,65,5,FALSE,49,68,117,41.88%
631,Garbodor,Poison,,80,95,82,60,82,75,5,FALSE,87,58,145,60.00%
632,Zorua,Dark,,40,65,40,80,40,65,5,FALSE,66,65,131,50.38%
633,Zoroark,Dark,,60,105,60,120,60,105,5,FALSE,100,13,113,88.50%
634,Minccino,Normal,,55,50,40,40,40,75,5,FALSE,88,60,148,59.46%
635,Cinccino,Normal,,75,95,60,65,60,115,5,FALSE,115,16,131,87.79%
636,Gothita,Psychic,,45,30,50,55,65,45,5,FALSE,26,99,125,20.80%
637,Gothorita,Psychic,,60,45,70,75,85,55,5,FALSE,37,86,123,30.08%
638,Gothitelle,Psychic,,70,55,95,95,110,65,5,FALSE,65,68,133,48.87%
639,Solosis,Psychic,,45,30,40,105,50,20,5,FALSE,4,125,129,3.10%
640,Duosion,Psychic,,65,40,50,125,60,30,5,FALSE,9,115,124,7.26%
641,Reuniclus,Psychic,,110,65,75,125,85,30,5,FALSE,18,102,120,15.00%
642,Ducklett,Water,Flying,62,44,50,44,50,55,5,FALSE,45,79,124,36.29%
643,Swanna,Water,Flying,75,87,63,87,63,98,5,FALSE,103,16,119,86.55%
644,Vanillite,Ice,,36,50,50,65,60,44,5,FALSE,18,92,110,16.36%
645,Vanillish,Ice,,51,65,65,80,75,59,5,FALSE,55,71,126,43.65%
646,Vanilluxe,Ice,,71,95,85,110,95,79,5,FALSE,83,42,125,66.40%
647,Deerling,Normal,Grass,60,60,50,40,50,75,5,FALSE,70,49,119,58.82%
648,Sawsbuck,Normal,Grass,80,100,70,60,70,95,5,FALSE,89,31,120,74.17%
649,Emolga,Electric,Flying,55,75,60,75,60,103,5,FALSE,91,23,114,79.82%
650,Karrablast,Bug,,50,75,45,40,45,60,5,FALSE,53,68,121,43.80%
651,Escavalier,Bug,Steel,70,135,105,60,105,20,5,FALSE,72,52,124,58.06%
652,Foongus,Grass,Poison,69,55,45,55,55,15,5,FALSE,14,106,120,11.67%
653,Amoonguss,Grass,Poison,114,85,70,85,80,30,5,FALSE,25,96,121,20.66%
654,Frillish,Water,Ghost,55,40,50,65,85,40,5,FALSE,42,90,132,31.82%
655,Jellicent,Water,Ghost,100,60,70,85,105,60,5,FALSE,0,0,0,0.00%
656,Alomomola,Water,,165,75,80,40,45,65,5,FALSE,68,64,132,51.52%
657,Joltik,Bug,Electric,50,47,50,57,50,65,5,FALSE,64,74,138,46.38%
658,Galvantula,Bug,Electric,70,77,60,97,60,108,5,FALSE,115,22,137,83.94%
659,Ferroseed,Grass,Steel,44,50,91,24,86,10,5,FALSE,22,89,111,19.82%
660,Ferrothorn,Grass,Steel,74,94,131,54,116,20,5,FALSE,61,75,136,44.85%
661,Klink,Steel,,40,55,70,45,60,30,5,FALSE,12,101,113,10.62%
662,Klang,Steel,,60,80,95,70,85,50,5,FALSE,27,94,121,22.31%
663,Klinklang,Steel,,60,100,115,70,85,90,5,FALSE,99,32,131,75.57%
664,Tynamo,Electric,,35,55,40,45,40,60,5,FALSE,45,81,126,35.71%
665,Eelektrik,Electric,,65,85,70,75,70,40,5,FALSE,26,102,128,20.31%
666,Eelektross,Electric,,85,115,80,105,80,50,5,FALSE,34,77,111,30.63%
667,Elgyem,Psychic,,55,55,55,85,55,30,5,FALSE,21,138,159,13.21%
668,Beheeyem,Psychic,,75,75,75,125,95,40,5,FALSE,21,113,134,15.67%
669,Litwick,Ghost,Fire,50,30,55,65,55,20,5,FALSE,16,101,117,13.68%
670,Lampent,Ghost,Fire,60,40,60,95,60,55,5,FALSE,57,78,135,42.22%
671,Chandelure,Ghost,Fire,60,55,90,145,90,80,5,FALSE,68,44,112,60.71%
672,Axew,Dragon,,46,87,60,30,40,57,5,FALSE,51,84,135,37.78%
673,Fraxure,Dragon,,66,117,70,40,50,67,5,FALSE,59,70,129,45.74%
674,Haxorus,Dragon,,76,147,90,60,70,97,5,FALSE,105,22,127,82.68%
675,Cubchoo,Ice,,55,70,40,60,40,40,5,FALSE,31,84,115,26.96%
676,Beartic,Ice,,95,110,80,70,80,50,5,FALSE,48,81,129,37.21%
677,Cryogonal,Ice,,70,50,30,95,135,105,5,FALSE,119,29,148,80.41%
678,Shelmet,Bug,,50,40,85,40,65,25,5,FALSE,11,113,124,8.87%
679,Accelgor,Bug,,80,70,40,100,60,145,5,FALSE,118,10,128,92.19%
680,Stunfisk,Ground,Electric,109,66,84,81,99,32,5,FALSE,29,115,144,20.14%
681,Mienfoo,Fighting,,45,85,50,55,50,65,5,FALSE,66,64,130,50.77%
682,Mienshao,Fighting,,65,125,60,95,60,105,5,FALSE,121,10,131,92.37%
683,Druddigon,Dragon,,77,120,90,60,90,48,5,FALSE,39,101,140,27.86%
684,Golett,Ground,Ghost,59,74,50,35,50,35,5,FALSE,40,88,128,31.25%
685,Golurk,Ground,Ghost,89,124,80,55,80,55,5,FALSE,72,54,126,57.14%
686,Pawniard,Dark,Steel,45,85,70,40,40,60,5,FALSE,57,52,109,52.29%
687,Bisharp,Dark,Steel,65,125,100,60,70,70,5,FALSE,86,55,141,60.99%
688,Bouffalant,Normal,,95,110,95,40,95,55,5,FALSE,48,71,119,40.34%
689,Rufflet,Normal,Flying,70,83,50,37,50,60,5,FALSE,41,81,122,33.61%
690,Braviary,Normal,Flying,100,123,75,57,75,80,5,FALSE,108,48,156,69.23%
691,Vullaby,Dark,Flying,70,55,75,45,65,60,5,FALSE,56,66,122,45.90%
692,Mandibuzz,Dark,Flying,110,65,105,55,95,80,5,FALSE,92,55,147,62.59%
693,Heatmor,Fire,,85,97,66,105,66,65,5,FALSE,57,64,121,47.11%
694,Durant,Bug,Steel,58,109,112,48,48,109,5,FALSE,118,16,134,88.06%
695,Deino,Dark,Dragon,52,65,50,45,50,38,5,FALSE,34,90,124,27.42%
696,Zweilous,Dark,Dragon,72,85,70,65,70,58,5,FALSE,57,81,138,41.30%
697,Hydreigon,Dark,Dragon,92,105,90,125,90,98,5,FALSE,106,23,129,82.17%
698,Larvesta,Bug,Fire,55,85,55,50,55,60,5,FALSE,58,79,137,42.34%
699,Volcarona,Bug,Fire,85,60,65,135,105,100,5,FALSE,103,34,137,75.18%
700,Cobalion,Steel,Fighting,91,90,129,90,72,108,5,TRUE,117,11,128,91.41%
701,Terrakion,Rock,Fighting,91,129,90,72,90,108,5,TRUE,105,18,123,85.37%
702,Virizion,Grass,Fighting,91,90,72,90,129,108,5,TRUE,112,13,125,89.60%
703,Tornadus Incarnate Forme,Flying,,79,115,70,125,80,111,5,TRUE,94,17,111,84.68%
704,Tornadus Therian Forme,Flying,,79,100,80,110,90,121,5,TRUE,121,4,125,96.80%
705,Thundurus Incarnate Forme,Electric,Flying,79,115,70,125,80,111,5,TRUE,108,17,125,86.40%
706,Thundurus Therian Forme,Electric,Flying,79,105,70,145,80,101,5,TRUE,99,16,115,86.09%
707,Reshiram,Dragon,Fire,100,120,100,150,120,90,5,TRUE,91,34,125,72.80%
708,Zekrom,Dragon,Electric,100,150,120,120,100,90,5,TRUE,100,54,154,64.94%
709,Landorus Incarnate Forme,Ground,Flying,89,125,90,115,80,101,5,TRUE,89,13,102,87.25%
710,Landorus Therian Forme,Ground,Flying,89,145,90,105,80,91,5,TRUE,112,19,131,85.50%
711,Kyurem,Dragon,Ice,125,130,90,130,90,95,5,TRUE,99,29,128,77.34%
712,Kyurem Black Kyurem,Dragon,Ice,125,170,100,120,90,95,5,TRUE,77,23,100,77.00%
713,Kyurem White Kyurem,Dragon,Ice,125,120,90,170,100,95,5,TRUE,100,28,128,78.13%
714,Keldeo Ordinary Forme,Water,Fighting,91,72,90,129,90,108,5,FALSE,100,16,116,86.21%
715,Keldeo Resolute Forme,Water,Fighting,91,72,90,129,90,108,5,FALSE,108,13,121,89.26%
716,Meloetta Aria Forme,Normal,Psychic,100,77,77,128,128,90,5,FALSE,98,44,142,69.01%
717,Meloetta Pirouette Forme,Normal,Fighting,100,128,90,77,77,128,5,FALSE,118,5,123,95.93%
718,Genesect,Bug,Steel,71,120,95,120,95,99,5,FALSE,105,23,128,82.03%
719,Chespin,Grass,,56,61,65,48,45,38,6,FALSE,26,122,148,17.57%
720,Quilladin,Grass,,61,78,95,56,58,57,6,FALSE,48,71,119,40.34%
721,Chesnaught,Grass,Fighting,88,107,122,74,75,64,6,FALSE,57,67,124,45.97%
722,Fennekin,Fire,,40,45,40,62,60,60,6,FALSE,41,80,121,33.88%
723,Braixen,Fire,,59,59,58,90,70,73,6,FALSE,67,48,115,58.26%
724,Delphox,Fire,Psychic,75,69,72,114,100,104,6,FALSE,104,22,126,82.54%
725,Froakie,Water,,41,56,40,62,44,71,6,FALSE,71,54,125,56.80%
726,Frogadier,Water,,54,63,52,83,56,97,6,FALSE,107,32,139,76.98%
727,Greninja,Water,Dark,72,95,67,103,71,122,6,FALSE,122,5,127,96.06%
728,Bunnelby,Normal,,38,36,38,32,36,57,6,FALSE,44,69,113,38.94%
729,Diggersby,Normal,Ground,85,56,77,50,77,78,6,FALSE,68,60,128,53.13%
730,Fletchling,Normal,Flying,45,50,43,40,38,62,6,FALSE,55,81,136,40.44%
731,Fletchinder,Fire,Flying,62,73,55,56,52,84,6,FALSE,92,35,127,72.44%
732,Talonflame,Fire,Flying,78,81,71,74,69,126,6,FALSE,120,12,132,90.91%
733,Scatterbug,Bug,,38,35,40,27,25,35,6,FALSE,11,123,134,8.21%
734,Spewpa,Bug,,45,22,60,27,30,29,6,FALSE,10,123,133,7.52%
735,Vivillon,Bug,Flying,80,52,50,90,50,89,6,FALSE,80,40,120,66.67%
736,Litleo,Fire,Normal,62,50,58,73,54,72,6,FALSE,55,69,124,44.35%
737,Pyroar,Fire,Normal,86,68,72,109,66,106,6,FALSE,98,23,121,80.99%
738,Flabébé,Fairy,,44,38,39,61,79,42,6,FALSE,34,117,151,22.52%
739,Floette,Fairy,,54,45,47,75,98,52,6,FALSE,48,73,121,39.67%
740,Florges,Fairy,,78,65,68,112,154,75,6,FALSE,76,45,121,62.81%
741,Skiddo,Grass,,66,65,48,62,57,52,6,FALSE,46,81,127,36.22%
742,Gogoat,Grass,,123,100,62,97,81,68,6,FALSE,62,67,129,48.06%
743,Pancham,Fighting,,67,82,62,46,48,43,6,FALSE,26,92,118,22.03%
744,Pangoro,Fighting,Dark,95,124,78,69,71,58,6,FALSE,46,77,123,37.40%
745,Furfrou,Normal,,75,80,60,65,90,102,6,FALSE,113,18,131,86.26%
746,Espurr,Psychic,,62,48,54,63,60,68,6,FALSE,58,54,112,51.79%
747,Meowstic Male,Psychic,,74,48,76,83,81,104,6,FALSE,91,24,115,79.13%
748,Meowstic Female,Psychic,,74,48,76,83,81,104,6,FALSE,93,34,127,73.23%
749,Honedge,Steel,Ghost,45,80,100,35,37,28,6,FALSE,35,77,112,31.25%
750,Doublade,Steel,Ghost,59,110,150,45,49,35,6,FALSE,44,88,132,33.33%
751,Aegislash Blade Forme,Steel,Ghost,60,150,50,150,50,60,6,FALSE,64,64,128,50.00%
752,Aegislash Shield Forme,Steel,Ghost,60,50,150,50,150,60,6,FALSE,63,58,121,52.07%
753,Spritzee,Fairy,,78,52,60,63,65,23,6,FALSE,8,125,133,6.02%
754,Aromatisse,Fairy,,101,72,72,99,89,29,6,FALSE,25,104,129,19.38%
755,Swirlix,Fairy,,62,48,66,59,57,49,6,FALSE,41,80,121,33.88%
756,Slurpuff,Fairy,,82,80,86,85,75,72,6,FALSE,81,50,131,61.83%
757,Inkay,Dark,Psychic,53,54,53,37,46,45,6,FALSE,34,76,110,30.91%
758,Malamar,Dark,Psychic,86,92,88,68,75,73,6,FALSE,108,50,158,68.35%
759,Binacle,Rock,Water,42,52,67,39,56,50,6,FALSE,37,92,129,28.68%
760,Barbaracle,Rock,Water,72,105,115,54,86,68,6,FALSE,69,65,134,51.49%
761,Skrelp,Poison,Water,50,60,60,60,60,30,6,FALSE,14,110,124,11.29%
762,Dragalge,Poison,Dragon,65,75,90,97,123,44,6,FALSE,31,125,156,19.87%
763,Clauncher,Water,,50,53,62,58,63,44,6,FALSE,17,107,124,13.71%
764,Clawitzer,Water,,71,73,88,120,89,59,6,FALSE,64,83,147,43.54%
765,Helioptile,Electric,Normal,44,38,33,61,43,70,6,FALSE,59,53,112,52.68%
766,Heliolisk,Electric,Normal,62,55,52,109,94,109,6,FALSE,94,26,120,78.33%
767,Tyrunt,Rock,Dragon,58,89,77,45,45,48,6,FALSE,34,73,107,31.78%
768,Tyrantrum,Rock,Dragon,82,121,119,69,59,71,6,FALSE,82,70,152,53.95%
769,Amaura,Rock,Ice,77,59,50,67,63,46,6,FALSE,28,93,121,23.14%
770,Aurorus,Rock,Ice,123,77,72,99,92,58,6,FALSE,61,71,132,46.21%
771,Sylveon,Fairy,,95,65,65,110,130,60,6,FALSE,49,73,122,40.16%
772,Hawlucha,Fighting,Flying,78,92,75,74,63,118,6,FALSE,107,14,121,88.43%
773,Dedenne,Electric,Fairy,67,58,57,81,67,101,6,FALSE,109,15,124,87.90%
774,Carbink,Rock,Fairy,50,50,150,50,150,50,6,FALSE,36,104,140,25.71%
775,Goomy,Dragon,,45,50,35,55,75,40,6,FALSE,25,92,117,21.37%
776,Sliggoo,Dragon,,68,75,53,83,113,60,6,FALSE,59,71,130,45.38%
777,Goodra,Dragon,,90,100,70,110,150,80,6,FALSE,64,42,106,60.38%
778,Klefki,Steel,Fairy,57,80,91,80,87,75,6,FALSE,70,52,122,57.38%
779,Phantump,Ghost,Grass,43,70,48,50,60,38,6,FALSE,33,105,138,23.91%
780,Trevenant,Ghost,Grass,85,110,76,65,82,56,6,FALSE,59,91,150,39.33%
781,Pumpkaboo Average Size,Ghost,Grass,49,66,70,44,55,51,6,FALSE,49,66,115,42.61%
782,Pumpkaboo Small Size,Ghost,Grass,44,66,70,44,55,56,6,FALSE,0,0,0,0.00%
783,Pumpkaboo Large Size,Ghost,Grass,54,66,70,44,55,46,6,FALSE,51,70,121,42.15%
784,Pumpkaboo Super Size,Ghost,Grass,59,66,70,44,55,41,6,FALSE,33,98,131,25.19%
785,Gourgeist Average Size,Ghost,Grass,65,90,122,58,75,84,6,FALSE,92,36,128,71.88%
786,Gourgeist Small Size,Ghost,Grass,55,85,122,58,75,99,6,FALSE,98,23,121,80.99%
787,Gourgeist Large Size,Ghost,Grass,75,95,122,58,75,69,6,FALSE,71,53,124,57.26%
788,Gourgeist Super Size,Ghost,Grass,85,100,122,58,75,54,6,FALSE,52,80,132,39.39%
789,Bergmite,Ice,,55,69,85,32,35,28,6,FALSE,12,117,129,9.30%
790,Avalugg,Ice,,95,117,184,44,46,28,6,FALSE,36,85,121,29.75%
791,Noibat,Flying,Dragon,40,30,35,45,40,55,6,FALSE,40,87,127,31.50%
792,Noivern,Flying,Dragon,85,70,80,97,80,123,6,FALSE,107,8,115,93.04%
793,Xerneas,Fairy,,126,131,95,131,98,99,6,TRUE,107,22,129,82.95%
794,Yveltal,Dark,Flying,126,131,95,131,98,99,6,TRUE,111,26,137,81.02%
795,Zygarde Half Forme,Dragon,Ground,108,100,121,81,95,95,6,TRUE,80,27,107,74.77%
796,Diancie,Rock,Fairy,50,100,150,100,150,50,6,TRUE,39,66,105,37.14%
797,Mega Diancie,Rock,Fairy,50,160,110,160,110,110,6,TRUE,116,15,131,88.55%
798,Hoopa Confined,Psychic,Ghost,80,110,60,150,130,70,6,TRUE,60,59,119,50.42%
799,Hoopa Unbound,Psychic,Dark,80,160,60,170,130,80,6,TRUE,89,55,144,61.81%
800,Volcanion,Fire,Water,80,110,120,130,90,70,6,TRUE,75,46,121,61.98%
